{
  "brain_inspired": {
    "model_name": "brain_inspired",
    "epochs": 3,
    "final_loss": 1.5980464480817318,
    "final_accuracy": 0.2150000035762787,
    "train_losses": [
      1.6090821251273155,
      1.6016312651336193,
      1.5980464480817318
    ],
    "test_accuracies": [
      0.27000001072883606,
      0.23000000417232513,
      0.2150000035762787
    ],
    "training_time": 1763253894.4515636
  }
}