{
  "brain_inspired": {
    "model_name": "brain_inspired",
    "epochs": 10,
    "final_loss": 1.3741814531385899,
    "final_accuracy": 0.22499999403953552,
    "train_losses": [
      1.6102024056017399,
      1.6092106588184834,
      1.6030164510011673,
      1.588608119636774,
      1.5720164440572262,
      1.5616943761706352,
      1.534863356500864,
      1.4823485501110554,
      1.4451394826173782,
      1.3741814531385899
    ],
    "test_accuracies": [
      0.1599999964237213,
      0.16500000655651093,
      0.1850000023841858,
      0.17499999701976776,
      0.18000000715255737,
      0.14000000059604645,
      0.20499999821186066,
      0.22499999403953552,
      0.17499999701976776,
      0.22499999403953552
    ],
    "training_time": 1763254145.750713
  }
}